<?xml version='1.0' encoding='UTF-8'?>
<system creation-date="2023-11-14 10:28:31.018000" desc="" enable="False" id="D1979A64-62EE-4F8F-9610-1F0E6FF1C56B" last-modified-date="" name="1200-800743_OfflineStation"><applications><application name="RobotWare" version="6.11.3004"><settings><system-xml path="C:\Users\rs8857\OneDrive - CCSU\Documents\RobotStudio\Virtual Controllers\1200-800743_OfflineStation\system.xml" /><key-id path="C:\Users\rs8857\OneDrive - CCSU\Documents\RobotStudio\Virtual Controllers\1200-800743_OfflineStation\INTERNAL\key.id" /><setting-file path="C:\Users\rs8857\OneDrive - CCSU\Documents\RobotStudio\Virtual Controllers\1200-800743_OfflineStation\INTERNAL\controller.rsf" /></settings></application></applications></system>