<?xml version="1.0" encoding="utf-8"?>
<SystemProperties>
  <SystemName>1200-800743_OfflineStation</SystemName>
  <SerialNo>1200-800743</SerialNo>
  <UsedMedia>
    <Media path="C:\Users\rs8857\AppData\Local\ABB\RobotWare\RobotWare_6.11.3004" name="RobotWare" version="6.11.3004">
    </Media>
  </UsedMedia>
  <ControlModule>
    <Option descr="RobotWare Base">
    </Option>
    <Option descr="709-1 DeviceNet Master/Slave">
    </Option>
    <Option descr="841-1 EtherNet/IP Scanner/Adapter">
    </Option>
    <Option descr="687-1 Advanced Robot Motion">
    </Option>
    <Option descr="608-1 World Zones">
    </Option>
    <Option descr="610-1 Independent Axis">
    </Option>
    <Option descr="611-1 Path Recovery">
    </Option>
    <Option descr="612-1 Path Offset">
    </Option>
    <Option descr="885-1 SoftMove">
    </Option>
    <Option descr="613-1 Collision Detection">
    </Option>
    <Option descr="614-1 FTP SFTP and NFS client">
    </Option>
    <Option descr="616-1 PC Interface">
    </Option>
    <Option descr="617-1 FlexPendant Interface">
    </Option>
    <Option descr="623-1 Multitasking">
    </Option>
    <Option descr="628-1 Sensor Interface">
    </Option>
    <Option descr="689-1 Externally Guided Motion (EGM)">
    </Option>
    <Option descr="UDPUC Driver">
    </Option>
    <Option descr="1341-1/1520-1 Integrated Vision Interface">
    </Option>
    <Option descr="661-2 Force Control Base">
    </Option>
  </ControlModule>
  <DriveModule>
    <Name>Robot1</Name>
    <Option descr="Motor Commutation">
    </Option>
    <Option descr="Service Info System">
    </Option>
    <Option descr="Pendelum Calibration">
    </Option>
    <Option descr="Drive System IRB 120/140/260/360/910SC/1200/1400/1520/1600/1660ID IRC5 Compact">
    </Option>
    <Option descr="IRB 1200-5/0.9 Type B">
    </Option>
    <Option descr="Axis Calibration">
    </Option>
  </DriveModule>
</SystemProperties>