<?xml version='1.0' encoding='UTF-8'?>
<system creation-date="2023-02-21 11:13:52.421000" desc="" enable="False" id="5EFC1A0D-8CD9-4EC4-B1ED-2571D9A80BEA" last-modified-date="" name="1200-800743_OfflineStation"><applications><application name="RobotWare" version="6.11.3004"><settings><system-xml path="C:\Users\rs8857\Documents\RobotStudio\Virtual Controllers\1200-800743_OfflineStation\system.xml" /><key-id path="C:\Users\rs8857\Documents\RobotStudio\Virtual Controllers\1200-800743_OfflineStation\INTERNAL\key.id" /><setting-file path="C:\Users\rs8857\Documents\RobotStudio\Virtual Controllers\1200-800743_OfflineStation\INTERNAL\controller.rsf" /></settings></application></applications></system>