﻿<?xml version="1.0" encoding="utf-8"?>
<CollisionModel version="1.0" xmlns="urn:abb-robotics-collisionmodel">
  <!-- Max outside tolerance = 0.005 -->
  <!-- Max inside tolerance  = 0.0005 -->
  <ConvexHull>
    <!-- num vertices: 8 -->
    <!-- num faces:    12 -->
    <!-- max valence:  6 -->
    <!-- lower corner: 0 0 0 -->
    <!-- upper corner: 0.9779 0.40005 0.001 -->
    <Vertex position="0 0 0" neighbors="2 1 4" />
    <Vertex position="0.9779 0 0" neighbors="5 7 4 3 2 0" />
    <Vertex position="0 0.40005 0" neighbors="6 4 7 1 3 0" />
    <Vertex position="0.9779 0.40005 0" neighbors="1 2 7" />
    <Vertex position="0 0 0.001" neighbors="6 7 2 5 1 0" />
    <Vertex position="0.9779 0 0.001" neighbors="7 4 1" />
    <Vertex position="0 0.40005 0.001" neighbors="4 7 2" />
    <Vertex position="0.9779 0.40005 0.001" neighbors="4 6 2 5 1 3" />
    <Face vertices="6 4 7" />
    <Face vertices="6 2 4" />
    <Face vertices="6 7 2" />
    <Face vertices="5 7 4" />
    <Face vertices="5 1 7" />
    <Face vertices="5 4 1" />
    <Face vertices="3 1 2" />
    <Face vertices="3 7 1" />
    <Face vertices="3 2 7" />
    <Face vertices="0 2 1" />
    <Face vertices="0 4 2" />
    <Face vertices="0 1 4" />
  </ConvexHull>
</CollisionModel>