﻿<?xml version="1.0" encoding="utf-8"?>
<CollisionModel version="1.0" xmlns="urn:abb-robotics-collisionmodel">
  <!-- Max outside tolerance = 0.005 -->
  <!-- Max inside tolerance  = 0.0005 -->
  <ConvexHull>
    <!-- num vertices: 8 -->
    <!-- num faces:    12 -->
    <!-- max valence:  6 -->
    <!-- lower corner: 0 0 0 -->
    <!-- upper corner: 0.01 1.473 0.889 -->
    <Vertex position="0 0 0" neighbors="2 1 4" />
    <Vertex position="0.01 0 0" neighbors="5 7 4 2 0 3" />
    <Vertex position="0 1.473 0" neighbors="6 4 7 0 1 3" />
    <Vertex position="0.01 1.473 0" neighbors="1 2 7" />
    <Vertex position="0 0 0.889" neighbors="7 5 1 6 2 0" />
    <Vertex position="0.01 0 0.889" neighbors="7 4 1" />
    <Vertex position="0 1.473 0.889" neighbors="4 7 2" />
    <Vertex position="0.01 1.473 0.889" neighbors="5 4 1 6 2 3" />
    <Face vertices="5 7 4" />
    <Face vertices="5 1 7" />
    <Face vertices="5 4 1" />
    <Face vertices="6 4 7" />
    <Face vertices="6 2 4" />
    <Face vertices="6 7 2" />
    <Face vertices="0 2 1" />
    <Face vertices="0 4 2" />
    <Face vertices="0 1 4" />
    <Face vertices="3 1 2" />
    <Face vertices="3 7 1" />
    <Face vertices="3 2 7" />
  </ConvexHull>
</CollisionModel>